{
    "1": {
        "attack": 7.597478621076872,
        "defense": 3.246012912955532,
        "magic": 3.820123336744381,
        "difficulty": 6.360020198009367,
        "Fighter": 0.017682040508459975,
        "Mage": 0.5799367490968652,
        "Assassin": 0.08474481742604338,
        "Marksman": 0.9569427351180884,
        "Tank": 0.00574010077558999,
        "Support": 0.05118044367771326,
        "hp": 618.3647223525438,
        "hpperlevel": 103.90107922019335,
        "movespeed": 329.5285128225778,
        "armor": 25.443278561314226,
        "armorperlevel": 4.46732215446148,
        "spellblock": 29.992491876084603,
        "spellblockperlevel": 1.3149485505427774,
        "attackrange": 529.5559036419679,
        "hpregen": 3.885664689067044,
        "hpregenperlevel": 0.5982648516527395,
        "crit": 0.0,
        "critperlevel": 0.0,
        "attackdamage": 58.555956213872115,
        "attackdamageperlevel": 2.821639114384941,
        "attackspeedperlevel": 2.2697249257053596,
        "attackspeed": 0.6434994642664812
    },
    "2": {
        "attack": 3.789661231860671,
        "defense": 3.8907794928027934,
        "magic": 7.240344084113733,
        "difficulty": 6.557630695440255,
        "Fighter": 0.13467507920481997,
        "Mage": 0.779961457222513,
        "Assassin": 0.22612211710054894,
        "Marksman": 0.15255344499551843,
        "Tank": 0.066171167072198,
        "Support": 0.39552271121515153,
        "hp": 605.1729240392524,
        "hpperlevel": 104.89045037495059,
        "movespeed": 333.76498323934726,
        "armor": 25.674041331739758,
        "armorperlevel": 4.654048225547224,
        "spellblock": 30.195719211557968,
        "spellblockperlevel": 1.4632546294349875,
        "attackrange": 454.7625409138608,
        "hpregen": 6.28938469713697,
        "hpregenperlevel": 0.6131924684361912,
        "crit": 0.0,
        "critperlevel": 0.0,
        "attackdamage": 55.22060671430032,
        "attackdamageperlevel": 2.962432606388258,
        "attackspeedperlevel": 2.4971155857485483,
        "attackspeed": 0.6475425447534743
    },
    "3": {
        "attack": 3.6266933411920466,
        "defense": 5.333708731997395,
        "magic": 4.727561858604932,
        "difficulty": 4.853059834986285,
        "Fighter": 0.08074598105594513,
        "Mage": 0.1355090534069516,
        "Assassin": 0.04950282849791822,
        "Marksman": 0.03031687430558369,
        "Tank": 0.7748768246288624,
        "Support": 0.812886100565674,
        "hp": 629.5122220343982,
        "hpperlevel": 107.3878653756794,
        "movespeed": 329.96713673619735,
        "armor": 34.57338302580018,
        "armorperlevel": 3.991009297322718,
        "spellblock": 30.78082436527865,
        "spellblockperlevel": 1.8763639860583403,
        "attackrange": 241.71665307609433,
        "hpregen": 7.096445192281796,
        "hpregenperlevel": 0.6589857269129481,
        "crit": 0.0,
        "critperlevel": 0.0,
        "attackdamage": 59.02113400231996,
        "attackdamageperlevel": 3.113528281705409,
        "attackspeedperlevel": 2.263794548293251,
        "attackspeed": 0.650436826546637
    },
    "4": {
        "attack": 5.196103298100973,
        "defense": 3.711714107651312,
        "magic": 5.818616919836107,
        "difficulty": 6.735394775154452,
        "Fighter": 0.3304091141702413,
        "Mage": 0.377077473108552,
        "Assassin": 0.8971336317032952,
        "Marksman": 0.04881830570775677,
        "Tank": 0.022062019181609296,
        "Support": 0.03171582837870553,
        "hp": 615.3848769623919,
        "hpperlevel": 113.1381196207517,
        "movespeed": 339.6170464603033,
        "armor": 29.373368738625686,
        "armorperlevel": 4.73583773311464,
        "spellblock": 32.51566066748291,
        "spellblockperlevel": 2.037282445528199,
        "attackrange": 207.99050036530826,
        "hpregen": 7.710035516183462,
        "hpregenperlevel": 0.7972545361199098,
        "crit": 0.0,
        "critperlevel": 0.0,
        "attackdamage": 61.193263322271065,
        "attackdamageperlevel": 2.9788782958871245,
        "attackspeedperlevel": 2.9881194871162235,
        "attackspeed": 0.6477714155767247
    },
    "5": {
        "attack": 7.035736816808588,
        "defense": 5.505966910364909,
        "magic": 4.459605447897991,
        "difficulty": 6.092576136441971,
        "Fighter": 0.9290770049756489,
        "Mage": 0.1125660741941756,
        "Assassin": 0.11286973819834598,
        "Marksman": 0.11662530819910714,
        "Tank": 0.4984400741977908,
        "Support": 0.012732210111251112,
        "hp": 626.6520905913623,
        "hpperlevel": 106.50402148137096,
        "movespeed": 339.88859885223866,
        "armor": 33.328608575077965,
        "armorperlevel": 4.7745667417758755,
        "spellblock": 30.739985743139773,
        "spellblockperlevel": 1.867002564944824,
        "attackrange": 162.97332068243267,
        "hpregen": 6.891557657206605,
        "hpregenperlevel": 0.7388689588207275,
        "crit": 0.0,
        "critperlevel": 0.0,
        "attackdamage": 62.895237336154686,
        "attackdamageperlevel": 3.771327910019495,
        "attackspeedperlevel": 2.8256205669738463,
        "attackspeed": 0.6545167707176782
    },
    "6": {
        "attack": 6.947463777770972,
        "defense": 4.3685105137410005,
        "magic": 3.714759843747733,
        "difficulty": 5.74673965065837,
        "Fighter": 0.5598971335535363,
        "Mage": 0.2050479543324091,
        "Assassin": 0.6495655503272961,
        "Marksman": 0.18971051503073444,
        "Tank": 0.07691084231265032,
        "Support": 0.09095711855396697,
        "hp": 630.8833088140043,
        "hpperlevel": 106.5350627895667,
        "movespeed": 339.518872072924,
        "armor": 33.24897658712984,
        "armorperlevel": 4.7047169869284575,
        "spellblock": 31.33935868819869,
        "spellblockperlevel": 1.883611278436118,
        "attackrange": 265.6894600225941,
        "hpregen": 6.986084973559779,
        "hpregenperlevel": 0.6578915227049751,
        "crit": 0.0,
        "critperlevel": 0.0,
        "attackdamage": 63.178079435241365,
        "attackdamageperlevel": 3.3919871340949794,
        "attackspeedperlevel": 2.778613586801228,
        "attackspeed": 0.6364781959835045
    }
}