{
    "1": [
        3.1238845058082068,
        -0.5083863054099694,
        0.007829860843614844,
        -0.2556092024421989,
        -0.05581201343131272
    ],
    "2": [
        -0.2632207578310612,
        3.379146509991764,
        -0.8169522823135545,
        1.1643009799544477,
        0.1929867308676585
    ],
    "3": [
        -1.198955375362133,
        1.556975222134563,
        0.9295808933390818,
        -0.7401053428484431,
        -1.0022243809035285
    ],
    "4": [
        -2.6211917872564885,
        -0.7932834151989959,
        -0.49367823588431053,
        -0.31030080616300193,
        -0.15266451258669939
    ],
    "5": [
        -1.3027581053535278,
        -0.768624885614676,
        2.891539812361488,
        0.8616784904131461,
        0.31777499345631527
    ],
    "6": [
        -0.5370182785834241,
        0.36023696841927416,
        0.8748299861665871,
        -1.7823481422798086,
        2.0191042131960577
    ]
}