{
    "1": [
        2.804316566408486,
        3.832494324146666,
        7.243260607375131,
        5.878855269449203,
        0.04602349521284158,
        0.7912051828243681,
        0.043734025895648954,
        0.05368119561818017,
        0.1279745076776421,
        0.8088124592636025,
        599.5881092948749,
        101.87120216257374,
        331.8928764197795,
        26.343428061663786,
        4.567933161614938,
        29.771018493255344,
        1.4116003000919342,
        475.4078550373818,
        6.0895806469023865,
        0.5891990054147439,
        0.0,
        0.0,
        53.008095277054444,
        2.868449511723861,
        2.3040422713234823,
        0.6445919217905295
    ],
    "2": [
        6.31791320111118,
        3.767907525203731,
        4.9195862392326735,
        6.648580354485024,
        0.29030410729826966,
        0.473206514826938,
        0.49664743006491957,
        0.4192094394636475,
        0.00705115671509088,
        0.04648509206183229,
        614.3103624876165,
        106.68413325751108,
        335.0514715606409,
        28.382691310701023,
        4.651479309281873,
        30.609336303185582,
        1.5756828101857536,
        399.5291736398137,
        6.16495673837387,
        0.64107153510438,
        0.0,
        0.0,
        59.70543929849142,
        3.091530046989248,
        2.925088949433188,
        0.6389364317552472
    ],
    "3": [
        6.459176542009587,
        3.430817042482863,
        4.989068374037035,
        6.523325607534,
        0.0482938155866401,
        0.6710903086066053,
        0.14862821654439207,
        0.7172053202449128,
        0.018622188724347826,
        0.1042265352145836,
        614.1088271516905,
        104.55355009534952,
        330.8028531625926,
        25.136640128526757,
        4.500732514449454,
        30.02905574171222,
        1.343619984833023,
        514.539642536191,
        4.581885957475737,
        0.6041257514016182,
        0.0,
        0.0,
        57.39968218764709,
        2.8515115081246525,
        2.3302082492537393,
        0.6449182305682154
    ],
    "4": [
        6.733196100394361,
        4.646869140803472,
        4.323100794662103,
        6.021347106504953,
        0.6659261118072993,
        0.19628353846060134,
        0.5543495123711697,
        0.12677465863636503,
        0.18175366898674025,
        0.03101197759342876,
        627.7701633702777,
        108.02126530683584,
        340.45221708392677,
        32.64134794147164,
        4.747646464405777,
        31.467397145275644,
        1.9282763041023991,
        215.45819852950927,
        7.196659456502186,
        0.7135699387549422,
        0.0,
        0.0,
        63.107130532346204,
        3.488111752645181,
        2.871547860432765,
        0.6427570516147536
    ],
    "5": [
        5.126123832000295,
        4.665152285524588,
        5.078973140952129,
        5.992493712740792,
        0.29005055815563996,
        0.33003310206236985,
        0.31019491423691864,
        0.09019021894308109,
        0.365217760181714,
        0.4354984794233579,
        624.730231694722,
        106.27552997007034,
        336.0189902618847,
        32.60511356971617,
        4.275924950092729,
        31.205938385568302,
        1.853470214068339,
        266.6262838101477,
        6.556205159272523,
        0.6370708141823606,
        0.0,
        0.0,
        59.99304470313263,
        2.9090932978400024,
        2.487196266646936,
        0.6557499602979528
    ],
    "6": [
        3.526553037867265,
        5.243531028877676,
        4.588629996587082,
        4.744186032804362,
        0.07528257373102461,
        0.10250574409170513,
        0.0662785088400708,
        0.009076242834510341,
        0.7718156999653246,
        0.8495089485669913,
        630.0746591676944,
        106.99872967368086,
        329.33173591719867,
        35.11964981017034,
        4.143484111561892,
        30.8258682081136,
        1.9132037582234955,
        224.5291796107636,
        7.267141960444967,
        0.661960083304427,
        0.0,
        0.0,
        59.14797383648227,
        3.112262634019324,
        2.1814083660643404,
        0.6532734570669066
    ]
}