{
    "1": [
        3.4932544018279823,
        2.194832257895871
    ],
    "2": [
        1.0576581408202963,
        -1.1249995776309263
    ],
    "3": [
        3.553543600574292,
        -0.7501432158270857
    ],
    "4": [
        -2.244682637403465,
        -0.8144963780883674
    ],
    "5": [
        -0.3321185103041371,
        1.2945778031409454
    ],
    "6": [
        -0.7039452259796917,
        3.814018891734004
    ]
}