{
    "1": {
        "attack": 2.804316566408485,
        "defense": 3.832494324146666,
        "magic": 7.243260607375131,
        "difficulty": 5.878855269449203,
        "Fighter": 0.046023495212841575,
        "Mage": 0.7912051828243681,
        "Assassin": 0.043734025895648954,
        "Marksman": 0.05368119561818017,
        "Tank": 0.1279745076776421,
        "Support": 0.8088124592636025,
        "hp": 599.588109294875,
        "hpperlevel": 101.87120216257371,
        "movespeed": 331.8928764197795,
        "armor": 26.343428061663786,
        "armorperlevel": 4.567933161614939,
        "spellblock": 29.77101849325535,
        "spellblockperlevel": 1.4116003000919342,
        "attackrange": 475.4078550373818,
        "hpregen": 6.089580646902385,
        "hpregenperlevel": 0.5891990054147439,
        "crit": 0.0,
        "critperlevel": 0.0,
        "attackdamage": 53.008095277054444,
        "attackdamageperlevel": 2.868449511723861,
        "attackspeedperlevel": 2.3040422713234823,
        "attackspeed": 0.6445919217905295
    },
    "2": {
        "attack": 6.31791320111118,
        "defense": 3.7679075252037313,
        "magic": 4.9195862392326735,
        "difficulty": 6.648580354485025,
        "Fighter": 0.2903041072982696,
        "Mage": 0.47320651482693804,
        "Assassin": 0.4966474300649197,
        "Marksman": 0.4192094394636475,
        "Tank": 0.00705115671509088,
        "Support": 0.04648509206183229,
        "hp": 614.3103624876165,
        "hpperlevel": 106.68413325751108,
        "movespeed": 335.0514715606409,
        "armor": 28.382691310701027,
        "armorperlevel": 4.651479309281873,
        "spellblock": 30.60933630318558,
        "spellblockperlevel": 1.5756828101857538,
        "attackrange": 399.5291736398137,
        "hpregen": 6.16495673837387,
        "hpregenperlevel": 0.6410715351043799,
        "crit": 0.0,
        "critperlevel": 0.0,
        "attackdamage": 59.70543929849141,
        "attackdamageperlevel": 3.091530046989248,
        "attackspeedperlevel": 2.9250889494331886,
        "attackspeed": 0.6389364317552472
    },
    "3": {
        "attack": 6.459176542009587,
        "defense": 3.430817042482863,
        "magic": 4.989068374037035,
        "difficulty": 6.523325607533999,
        "Fighter": 0.0482938155866401,
        "Mage": 0.6710903086066055,
        "Assassin": 0.14862821654439207,
        "Marksman": 0.7172053202449128,
        "Tank": 0.018622188724347823,
        "Support": 0.1042265352145836,
        "hp": 614.1088271516905,
        "hpperlevel": 104.55355009534951,
        "movespeed": 330.8028531625926,
        "armor": 25.136640128526757,
        "armorperlevel": 4.500732514449455,
        "spellblock": 30.02905574171222,
        "spellblockperlevel": 1.343619984833023,
        "attackrange": 514.5396425361911,
        "hpregen": 4.581885957475737,
        "hpregenperlevel": 0.6041257514016181,
        "crit": 0.0,
        "critperlevel": 0.0,
        "attackdamage": 57.39968218764709,
        "attackdamageperlevel": 2.8515115081246525,
        "attackspeedperlevel": 2.3302082492537393,
        "attackspeed": 0.6449182305682154
    },
    "4": {
        "attack": 6.73319610039436,
        "defense": 4.646869140803472,
        "magic": 4.323100794662103,
        "difficulty": 6.021347106504952,
        "Fighter": 0.6659261118072993,
        "Mage": 0.19628353846060134,
        "Assassin": 0.5543495123711697,
        "Marksman": 0.12677465863636503,
        "Tank": 0.18175366898674025,
        "Support": 0.03101197759342876,
        "hp": 627.7701633702777,
        "hpperlevel": 108.02126530683584,
        "movespeed": 340.4522170839267,
        "armor": 32.64134794147164,
        "armorperlevel": 4.747646464405777,
        "spellblock": 31.467397145275644,
        "spellblockperlevel": 1.9282763041023991,
        "attackrange": 215.45819852950927,
        "hpregen": 7.196659456502187,
        "hpregenperlevel": 0.7135699387549422,
        "crit": 0.0,
        "critperlevel": 0.0,
        "attackdamage": 63.107130532346204,
        "attackdamageperlevel": 3.488111752645181,
        "attackspeedperlevel": 2.8715478604327647,
        "attackspeed": 0.6427570516147536
    },
    "5": {
        "attack": 5.126123832000295,
        "defense": 4.665152285524588,
        "magic": 5.0789731409521295,
        "difficulty": 5.992493712740792,
        "Fighter": 0.2900505581556399,
        "Mage": 0.3300331020623698,
        "Assassin": 0.3101949142369186,
        "Marksman": 0.09019021894308107,
        "Tank": 0.36521776018171404,
        "Support": 0.435498479423358,
        "hp": 624.7302316947219,
        "hpperlevel": 106.27552997007034,
        "movespeed": 336.0189902618847,
        "armor": 32.60511356971617,
        "armorperlevel": 4.275924950092729,
        "spellblock": 31.205938385568302,
        "spellblockperlevel": 1.8534702140683388,
        "attackrange": 266.62628381014764,
        "hpregen": 6.556205159272522,
        "hpregenperlevel": 0.6370708141823607,
        "crit": 0.0,
        "critperlevel": 0.0,
        "attackdamage": 59.99304470313265,
        "attackdamageperlevel": 2.9090932978400024,
        "attackspeedperlevel": 2.4871962666469365,
        "attackspeed": 0.6557499602979528
    },
    "6": {
        "attack": 3.526553037867265,
        "defense": 5.243531028877677,
        "magic": 4.588629996587082,
        "difficulty": 4.744186032804362,
        "Fighter": 0.07528257373102461,
        "Mage": 0.10250574409170511,
        "Assassin": 0.0662785088400708,
        "Marksman": 0.009076242834510341,
        "Tank": 0.7718156999653245,
        "Support": 0.8495089485669913,
        "hp": 630.0746591676944,
        "hpperlevel": 106.99872967368087,
        "movespeed": 329.33173591719867,
        "armor": 35.11964981017034,
        "armorperlevel": 4.143484111561893,
        "spellblock": 30.8258682081136,
        "spellblockperlevel": 1.9132037582234953,
        "attackrange": 224.52917961076355,
        "hpregen": 7.267141960444966,
        "hpregenperlevel": 0.661960083304427,
        "crit": 0.0,
        "critperlevel": 0.0,
        "attackdamage": 59.14797383648228,
        "attackdamageperlevel": 3.112262634019324,
        "attackspeedperlevel": 2.1814083660643395,
        "attackspeed": 0.6532734570669068
    }
}