{
    "0": {
        "attack": 7.054438334710736,
        "defense": 4.995705194834402,
        "magic": 3.917107360555582,
        "difficulty": 5.745320938384499,
        "Fighter": 0.7443923674255222,
        "Mage": 0.13830001404507233,
        "Assassin": 0.4424370779937204,
        "Marksman": 0.14838709035101424,
        "Tank": 0.25508257775634996,
        "Support": 0.03165860537977701,
        "hp": 630.9115556831302,
        "hpperlevel": 106.6544354812903,
        "movespeed": 340.56147697129126,
        "armor": 33.4392383954304,
        "armorperlevel": 4.746210695853109,
        "spellblock": 31.309297915019275,
        "spellblockperlevel": 1.9100434306609797,
        "attackrange": 212.20619233711238,
        "hpregen": 7.077349511798142,
        "hpregenperlevel": 0.6959065711371575,
        "crit": 0.0,
        "critperlevel": 0.0,
        "attackdamage": 63.806836707169666,
        "attackdamageperlevel": 3.6346364064860883,
        "attackspeedperlevel": 2.836775806509874,
        "attackspeed": 0.641539720346352
    },
    "1": {
        "attack": 5.992600420433295,
        "defense": 3.5403750707944908,
        "magic": 5.302913104436021,
        "difficulty": 6.432192190118557,
        "Fighter": 0.07527792089549011,
        "Mage": 0.6749212279722027,
        "Assassin": 0.16092654744788412,
        "Marksman": 0.5983215334629387,
        "Tank": 0.020293449542928808,
        "Support": 0.18661096898184235,
        "hp": 613.4909009131,
        "hpperlevel": 104.18511196604324,
        "movespeed": 331.4957275826455,
        "armor": 25.477445349680924,
        "armorperlevel": 4.538611139781721,
        "spellblock": 30.06562924569393,
        "spellblockperlevel": 1.3733687553261957,
        "attackrange": 500.3899443421479,
        "hpregen": 4.937897164489202,
        "hpregenperlevel": 0.6030817843479458,
        "crit": 0.0,
        "critperlevel": 0.0,
        "attackdamage": 57.07572418559573,
        "attackdamageperlevel": 2.88113390929957,
        "attackspeedperlevel": 2.3308681725470577,
        "attackspeed": 0.6439812169044559
    },
    "2": {
        "attack": 3.958407599757696,
        "defense": 4.9083863380289845,
        "magic": 4.527627422109125,
        "difficulty": 5.018472011447026,
        "Fighter": 0.04062201344042073,
        "Mage": 0.15264643119948657,
        "Assassin": 0.13682380889839385,
        "Marksman": 0.03772902723538178,
        "Tank": 0.6644737935309852,
        "Support": 0.8420955594691333,
        "hp": 628.8591842150907,
        "hpperlevel": 106.96834801346397,
        "movespeed": 329.60989988214465,
        "armor": 34.83350509394155,
        "armorperlevel": 4.0912746462162675,
        "spellblock": 30.837062310167113,
        "spellblockperlevel": 1.8782752510299443,
        "attackrange": 245.84324859059396,
        "hpregen": 7.135608472754487,
        "hpregenperlevel": 0.6475781588994076,
        "crit": 0.0,
        "critperlevel": 0.0,
        "attackdamage": 58.946595160343364,
        "attackdamageperlevel": 3.0056751141002094,
        "attackspeedperlevel": 2.2863754995906764,
        "attackspeed": 0.6467768420616542
    },
    "3": {
        "attack": 5.223776382362568,
        "defense": 3.063764662077903,
        "magic": 5.662931893053565,
        "difficulty": 8.1835392163785,
        "Fighter": 0.7403791473777696,
        "Mage": 0.08659152989524041,
        "Assassin": 0.2588239295752797,
        "Marksman": 0.15561024295146555,
        "Tank": 0.05691378763771935,
        "Support": 0.05785210256588736,
        "hp": 621.3754472852961,
        "hpperlevel": 101.83423900240817,
        "movespeed": 338.8495308519651,
        "armor": 31.623697044891227,
        "armorperlevel": 4.672092056005876,
        "spellblock": 31.65617583463494,
        "spellblockperlevel": 1.9264863019132281,
        "attackrange": 231.14412228375798,
        "hpregen": 6.022562205232867,
        "hpregenperlevel": 0.6215634360057657,
        "crit": 0.0,
        "critperlevel": 0.0,
        "attackdamage": 60.35745691861196,
        "attackdamageperlevel": 2.2598162974771197,
        "attackspeedperlevel": 1.1062781728503068,
        "attackspeed": 0.7665147960892716
    },
    "4": {
        "attack": 5.3338303240692415,
        "defense": 3.740929766252899,
        "magic": 5.95120219328937,
        "difficulty": 6.9158921576736105,
        "Fighter": 0.3642330627075633,
        "Mage": 0.4490230344635218,
        "Assassin": 0.8138318008043061,
        "Marksman": 0.11472988531172673,
        "Tank": 0.01997015009139947,
        "Support": 0.03461226611603151,
        "hp": 611.6411667404465,
        "hpperlevel": 112.09626101287319,
        "movespeed": 338.92557872233937,
        "armor": 29.247667382326668,
        "armorperlevel": 4.736275022747737,
        "spellblock": 31.66303790881081,
        "spellblockperlevel": 1.9075017588210474,
        "attackrange": 259.1908133565514,
        "hpregen": 7.267974644064724,
        "hpregenperlevel": 0.7623282500595994,
        "crit": 0.0,
        "critperlevel": 0.0,
        "attackdamage": 60.18684010054726,
        "attackdamageperlevel": 3.0405619202515486,
        "attackspeedperlevel": 3.0714254896190227,
        "attackspeed": 0.6491774228651368
    },
    "5": {
        "attack": 2.269686326059418,
        "defense": 2.1191598990865526,
        "magic": 1.4368270813712158,
        "difficulty": 1.9593689596199402,
        "Fighter": 0.26018346322458114,
        "Mage": 0.20045747060974475,
        "Assassin": 0.658773130632463,
        "Marksman": 0.5275077426516103,
        "Tank": 0.23041804709873803,
        "Support": 0.005616193478786215,
        "hp": 619.9180201583185,
        "hpperlevel": 107.17621138223836,
        "movespeed": 334.79912443465025,
        "armor": 27.685082317857393,
        "armorperlevel": 4.696952786045267,
        "spellblock": 30.572238230149477,
        "spellblockperlevel": 1.571262576309693,
        "attackrange": 385.1595423283461,
        "hpregen": 4.764175264961484,
        "hpregenperlevel": 0.6514148739752886,
        "crit": 0.0,
        "critperlevel": 0.0,
        "attackdamage": 54.76760032634592,
        "attackdamageperlevel": 2.904352357604036,
        "attackspeedperlevel": 3.1011493139991884,
        "attackspeed": 0.6427634436451798
    }
}