{
    "1": {
        "attack": 6.604772494344343,
        "defense": 3.334662811020164,
        "magic": 4.9148411864109995,
        "difficulty": 6.582622575049167,
        "Fighter": 0.06618317002999248,
        "Mage": 0.6366591240772513,
        "Assassin": 0.2023417737178256,
        "Marksman": 0.7105103209937613,
        "Tank": 0.009128023375222113,
        "Support": 0.08298077526472564,
        "hp": 614.1207565636412,
        "hpperlevel": 104.80610138475205,
        "movespeed": 331.2398307532613,
        "armor": 25.455957973755417,
        "armorperlevel": 4.506844922713037,
        "spellblock": 30.098267415637206,
        "spellblockperlevel": 1.3720907437576053,
        "attackrange": 501.4806225897358,
        "hpregen": 4.693151576411172,
        "hpregenperlevel": 0.6080700886627779,
        "crit": 0.0,
        "critperlevel": 0.0,
        "attackdamage": 57.655250918546905,
        "attackdamageperlevel": 2.8581064961949814,
        "attackspeedperlevel": 2.4196450519668633,
        "attackspeed": 0.6434412884356704
    },
    "2": {
        "attack": 3.2864632791158432,
        "defense": 4.296176952383245,
        "magic": 6.823762060321261,
        "difficulty": 6.030919286696404,
        "Fighter": 0.13211197325704208,
        "Mage": 0.6775181143063266,
        "Assassin": 0.09447603735079298,
        "Marksman": 0.06238681791113887,
        "Tank": 0.20080337573390253,
        "Support": 0.6394755566560705,
        "hp": 607.3343518975427,
        "hpperlevel": 104.56727822333288,
        "movespeed": 332.61648895217377,
        "armor": 27.623675075460543,
        "armorperlevel": 4.3619218784690785,
        "spellblock": 30.126823469400986,
        "spellblockperlevel": 1.495627829646786,
        "attackrange": 434.6496126626108,
        "hpregen": 6.384339779489861,
        "hpregenperlevel": 0.6129509183668637,
        "crit": 0.0,
        "critperlevel": 0.0,
        "attackdamage": 55.15722636844826,
        "attackdamageperlevel": 2.9336560704367853,
        "attackspeedperlevel": 2.372350572606173,
        "attackspeed": 0.6494168332925055
    },
    "3": {
        "attack": 3.7475177574741805,
        "defense": 5.198404406413101,
        "magic": 4.68115713812199,
        "difficulty": 4.940666983548984,
        "Fighter": 0.11569233982840456,
        "Mage": 0.15190102735844863,
        "Assassin": 0.12046226242359727,
        "Marksman": 0.01708565104779315,
        "Tank": 0.7091090827951892,
        "Support": 0.7521864538365806,
        "hp": 629.502393710821,
        "hpperlevel": 106.77810216444672,
        "movespeed": 330.5668745613617,
        "armor": 34.81516840038884,
        "armorperlevel": 4.2643170070377225,
        "spellblock": 30.92259556752764,
        "spellblockperlevel": 1.918696153999519,
        "attackrange": 220.43304321122787,
        "hpregen": 7.188599526152079,
        "hpregenperlevel": 0.6674729486624047,
        "crit": 0.0,
        "critperlevel": 0.0,
        "attackdamage": 59.42077441205073,
        "attackdamageperlevel": 3.0991790927246576,
        "attackspeedperlevel": 2.2221365711247967,
        "attackspeed": 0.6528070798430442
    },
    "4": {
        "attack": 6.710193407897833,
        "defense": 3.842653777437991,
        "magic": 4.6418485300999395,
        "difficulty": 6.8028720162334535,
        "Fighter": 0.46508490633425653,
        "Mage": 0.35411722062630097,
        "Assassin": 0.58809026009169,
        "Marksman": 0.3277300728951179,
        "Tank": 0.04034849736076516,
        "Support": 0.01955041232113754,
        "hp": 609.4820695720181,
        "hpperlevel": 106.52533012019431,
        "movespeed": 337.073371554641,
        "armor": 29.447844699823968,
        "armorperlevel": 4.680102011050772,
        "spellblock": 30.86717749180268,
        "spellblockperlevel": 1.6669123577728135,
        "attackrange": 322.61045464753744,
        "hpregen": 6.289682804237322,
        "hpregenperlevel": 0.6741134448356976,
        "crit": 0.0,
        "critperlevel": 0.0,
        "attackdamage": 60.46995375158477,
        "attackdamageperlevel": 3.198958747532786,
        "attackspeedperlevel": 2.9472681153089173,
        "attackspeed": 0.6439865049877587
    },
    "5": {
        "attack": 6.676569553337979,
        "defense": 5.529202753028745,
        "magic": 4.46827232039856,
        "difficulty": 5.818227080475778,
        "Fighter": 0.7884008551780413,
        "Mage": 0.12934471628097294,
        "Assassin": 0.21342886626784519,
        "Marksman": 0.03935005419471545,
        "Tank": 0.535841909581434,
        "Support": 0.09485606965371304,
        "hp": 634.9036837552153,
        "hpperlevel": 107.38856662311261,
        "movespeed": 339.53575831946847,
        "armor": 34.352699710282394,
        "armorperlevel": 4.796526183090406,
        "spellblock": 31.086362373642835,
        "spellblockperlevel": 1.9569455103548503,
        "attackrange": 172.32825255245268,
        "hpregen": 7.351019157225864,
        "hpregenperlevel": 0.7473848471458576,
        "crit": 0.0,
        "critperlevel": 0.0,
        "attackdamage": 63.492247766653655,
        "attackdamageperlevel": 3.579804071502949,
        "attackspeedperlevel": 2.6486101973139022,
        "attackspeed": 0.658919270068959
    },
    "6": {
        "attack": 6.86178235788595,
        "defense": 4.374651819153377,
        "magic": 4.0827276731185265,
        "difficulty": 5.980229043223826,
        "Fighter": 0.6309143131027877,
        "Mage": 0.1946049374201678,
        "Assassin": 0.6887731805844423,
        "Marksman": 0.15956739043485718,
        "Tank": 0.05398104421614025,
        "Support": 0.014621946682025183,
        "hp": 627.0439220892649,
        "hpperlevel": 108.26047670894718,
        "movespeed": 341.0092401511833,
        "armor": 32.38082206734222,
        "armorperlevel": 4.736860534449024,
        "spellblock": 31.67576023792094,
        "spellblockperlevel": 1.9407483286523104,
        "attackrange": 224.4615736263014,
        "hpregen": 7.174405041448263,
        "hpregenperlevel": 0.6981129729528776,
        "crit": 0.0,
        "critperlevel": 0.0,
        "attackdamage": 63.35361421017053,
        "attackdamageperlevel": 3.4798067493698612,
        "attackspeedperlevel": 2.952278444397162,
        "attackspeed": 0.63616806776275
    }
}